{
  "prompt_name": "bangs",
  "edit_prompt": "a person with bangs, portrait, high quality",
  "run_name": "s0.70_g7.5",
  "strength": 0.7,
  "guidance_scale": 7.5,
  "n_images": 20,
  "clip_mean": 0.27265127301216124,
  "lpips_mean": 0.44459652006626127,
  "ssim_mean": 0.5901814559745894,
  "tradeoff_score": 0.16150214299559593,
  "clip_scores": [
    0.2479141354560852,
    0.23673975467681885,
    0.28466469049453735,
    0.2908044159412384,
    0.27516695857048035,
    0.2725963592529297,
    0.24984194338321686,
    0.27017033100128174,
    0.2816801071166992,
    0.2441813051700592,
    0.2812092900276184,
    0.2950305938720703,
    0.304063081741333,
    0.288978636264801,
    0.2923157215118408,
    0.2452530413866043,
    0.26173651218414307,
    0.27290448546409607,
    0.2688572406768799,
    0.28891685605049133
  ],
  "lpips_scores": [
    0.470242977142334,
    0.2791541516780853,
    0.46185439825057983,
    0.36958491802215576,
    0.3647427558898926,
    0.4818474054336548,
    0.4334976077079773,
    0.5767852067947388,
    0.43177682161331177,
    0.34928828477859497,
    0.5142554044723511,
    0.508262038230896,
    0.34082263708114624,
    0.5167859792709351,
    0.5170912742614746,
    0.5100578665733337,
    0.5051863789558411,
    0.4515038728713989,
    0.37991639971733093,
    0.4292740225791931
  ],
  "ssim_scores": [
    0.42707308573347896,
    0.7857646025142199,
    0.6251318865529243,
    0.7074986718073409,
    0.6806606775212417,
    0.4781814039741635,
    0.551846171848422,
    0.41663720616454264,
    0.7078127897812795,
    0.6996710090903293,
    0.5958484471695519,
    0.5015748818528966,
    0.7137810530551388,
    0.4045369429487941,
    0.6378210336202367,
    0.5438549800578341,
    0.5477347935579581,
    0.6361107010041538,
    0.5256678368533764,
    0.6164209443839085
  ]
}