{
  "prompt_name": "bangs",
  "edit_prompt": "a person with bangs, portrait, high quality",
  "model_id": "runwayml/stable-diffusion-v1-5",
  "num_inference_steps": 30,
  "images_used": 20,
  "strengths": [
    0.3,
    0.5,
    0.7
  ],
  "guidance_scales": [
    5.0,
    7.5
  ],
  "ranking_by_tradeoff": [
    {
      "prompt_name": "bangs",
      "edit_prompt": "a person with bangs, portrait, high quality",
      "run_name": "s0.30_g7.5",
      "strength": 0.3,
      "guidance_scale": 7.5,
      "n_images": 20,
      "clip_mean": 0.23028591945767402,
      "lpips_mean": 0.20163892917335033,
      "ssim_mean": 0.769176743842779,
      "tradeoff_score": 0.17987618716433643,
      "clip_scores": [
        0.23795929551124573,
        0.2200053185224533,
        0.22704961895942688,
        0.24042099714279175,
        0.20319226384162903,
        0.228693425655365,
        0.21740898489952087,
        0.21947625279426575,
        0.23264092206954956,
        0.22323986887931824,
        0.24689465761184692,
        0.2503546476364136,
        0.25601643323898315,
        0.2560783326625824,
        0.2282002717256546,
        0.24350248277187347,
        0.24865035712718964,
        0.22299452126026154,
        0.19101041555404663,
        0.2119293212890625
      ],
      "lpips_scores": [
        0.20866186916828156,
        0.17358744144439697,
        0.20914945006370544,
        0.18538813292980194,
        0.1648038774728775,
        0.2447325587272644,
        0.19619441032409668,
        0.22736918926239014,
        0.25731876492500305,
        0.16205638647079468,
        0.2020290642976761,
        0.22145643830299377,
        0.11728823930025101,
        0.28313785791397095,
        0.22642487287521362,
        0.23082664608955383,
        0.21749165654182434,
        0.15292158722877502,
        0.1579744517803192,
        0.19396568834781647
      ],
      "ssim_scores": [
        0.6240802424252752,
        0.8578765293469263,
        0.8320182471756313,
        0.8553466789972101,
        0.8346478455457813,
        0.7086252746516976,
        0.7301954164723167,
        0.6743252349764095,
        0.8174656655310338,
        0.7968267139239259,
        0.806563938902941,
        0.7202207271061454,
        0.8770027234677945,
        0.6058947335137813,
        0.7632100365691808,
        0.7591453490533464,
        0.7474546358605806,
        0.8308830402403515,
        0.7736777942068548,
        0.7680740488883983
      ]
    },
    {
      "prompt_name": "bangs",
      "edit_prompt": "a person with bangs, portrait, high quality",
      "run_name": "s0.30_g5.0",
      "strength": 0.3,
      "guidance_scale": 5.0,
      "n_images": 20,
      "clip_mean": 0.22903014048933984,
      "lpips_mean": 0.19891403429210186,
      "ssim_mean": 0.7709116256156839,
      "tradeoff_score": 0.17930163191631437,
      "clip_scores": [
        0.2369251698255539,
        0.2219400256872177,
        0.22609937191009521,
        0.24087171256542206,
        0.20324663817882538,
        0.22814258933067322,
        0.21434399485588074,
        0.21821299195289612,
        0.22784073650836945,
        0.22527651488780975,
        0.24599063396453857,
        0.2463439702987671,
        0.2536631226539612,
        0.2544843554496765,
        0.22633159160614014,
        0.24465370178222656,
        0.24254965782165527,
        0.22292354702949524,
        0.19092971086502075,
        0.20983277261257172
      ],
      "lpips_scores": [
        0.20820868015289307,
        0.16607436537742615,
        0.21005821228027344,
        0.1885043978691101,
        0.1643311232328415,
        0.2439817637205124,
        0.1928442269563675,
        0.22604277729988098,
        0.24879059195518494,
        0.15988552570343018,
        0.19667211174964905,
        0.21573372185230255,
        0.11172070354223251,
        0.2821938097476959,
        0.2270607054233551,
        0.22589030861854553,
        0.21406389772891998,
        0.1519140899181366,
        0.1540960818529129,
        0.19021359086036682
      ],
      "ssim_scores": [
        0.6240063325715268,
        0.8663494751005762,
        0.830571320785082,
        0.8553509807604253,
        0.8340375637639629,
        0.708716701803842,
        0.7320095964815487,
        0.6761918375301459,
        0.8217001479299367,
        0.7990093927187324,
        0.8086073106211971,
        0.724136617360316,
        0.8805886219898457,
        0.6062180384584982,
        0.7630285100612831,
        0.7620133906545984,
        0.7497998842080357,
        0.8324670987911059,
        0.77422397874359,
        0.7692057119794279
      ]
    },
    {
      "prompt_name": "bangs",
      "edit_prompt": "a person with bangs, portrait, high quality",
      "run_name": "s0.50_g7.5",
      "strength": 0.5,
      "guidance_scale": 7.5,
      "n_images": 20,
      "clip_mean": 0.24499015137553215,
      "lpips_mean": 0.3040095195174217,
      "ssim_mean": 0.6862312782273496,
      "tradeoff_score": 0.16898777149617672,
      "clip_scores": [
        0.23634633421897888,
        0.24492521584033966,
        0.2365698218345642,
        0.24408333003520966,
        0.23102542757987976,
        0.25938335061073303,
        0.22173240780830383,
        0.236893892288208,
        0.2782193422317505,
        0.23473212122917175,
        0.24147923290729523,
        0.2708522379398346,
        0.2574017345905304,
        0.26725929975509644,
        0.24640265107154846,
        0.24857476353645325,
        0.2657570242881775,
        0.22259709239006042,
        0.23313650488853455,
        0.2224312424659729
      ],
      "lpips_scores": [
        0.35013124346733093,
        0.25582900643348694,
        0.29796305298805237,
        0.22656023502349854,
        0.2639935314655304,
        0.360823392868042,
        0.3001652956008911,
        0.3498026430606842,
        0.409132719039917,
        0.24932536482810974,
        0.3432645797729492,
        0.3547029495239258,
        0.16580569744110107,
        0.3727889955043793,
        0.3089839816093445,
        0.33387133479118347,
        0.3813919126987457,
        0.20178598165512085,
        0.28552088141441345,
        0.2683475911617279
      ],
      "ssim_scores": [
        0.5333802148851824,
        0.7720758335556316,
        0.7497446960651692,
        0.8093931703357194,
        0.7809434390065141,
        0.6152821778656732,
        0.6302100960840066,
        0.5469614366224324,
        0.7214182678316883,
        0.7203925057952577,
        0.6979521010075423,
        0.6493651494897743,
        0.8338411079259301,
        0.497219591313957,
        0.6890569187488079,
        0.6534416560425199,
        0.680391225413539,
        0.7791557831632461,
        0.6899798298662817,
        0.674420363528121
      ]
    },
    {
      "prompt_name": "bangs",
      "edit_prompt": "a person with bangs, portrait, high quality",
      "run_name": "s0.50_g5.0",
      "strength": 0.5,
      "guidance_scale": 5.0,
      "n_images": 20,
      "clip_mean": 0.24086515232920647,
      "lpips_mean": 0.291078582406044,
      "ssim_mean": 0.6886140566710436,
      "tradeoff_score": 0.16809550672769547,
      "clip_scores": [
        0.2354232370853424,
        0.24220752716064453,
        0.23373886942863464,
        0.243333101272583,
        0.22100253403186798,
        0.2517661154270172,
        0.21806606650352478,
        0.22736026346683502,
        0.27029281854629517,
        0.23442593216896057,
        0.23931023478507996,
        0.2652519941329956,
        0.2573487162590027,
        0.25998905301094055,
        0.2396766096353531,
        0.24577590823173523,
        0.2671698033809662,
        0.2217400074005127,
        0.22100713849067688,
        0.22241711616516113
      ],