{
  "run_name": "s0.70_g10.0",
  "strength": 0.7,
  "guidance_scale": 10.0,
  "n_images": 20,
  "clip_mean": 0.2884475335478783,
  "lpips_mean": 0.4491470202803612,
  "tradeoff_score": 0.176160778477788,
  "clip_scores": [
    0.2807331085205078,
    0.28173983097076416,
    0.29449164867401123,
    0.28554242849349976,
    0.294177770614624,
    0.2856724262237549,
    0.28954392671585083,
    0.2643919587135315,
    0.28812071681022644,
    0.3133891224861145,
    0.28186309337615967,
    0.3077518045902252,
    0.27675601840019226,
    0.29704418778419495,
    0.31186574697494507,
    0.29039397835731506,
    0.28930675983428955,
    0.28428012132644653,
    0.2723436951637268,
    0.27954232692718506
  ],
  "lpips_scores": [
    0.49637293815612793,
    0.2786356508731842,
    0.46110859513282776,
    0.2975660264492035,
    0.35421982407569885,
    0.5307413935661316,
    0.4522829055786133,
    0.5402833819389343,
    0.4623871445655823,
    0.37965044379234314,
    0.5475295782089233,
    0.5033935904502869,
    0.3560958802700043,
    0.5792044401168823,
    0.48803097009658813,
    0.5680229067802429,
    0.45339131355285645,
    0.4062176048755646,
    0.3809724450111389,
    0.44683337211608887
  ]
}