{
  "prompt_name": "smile",
  "edit_prompt": "a smiling person, portrait, high quality",
  "run_name": "s0.70_g7.5",
  "strength": 0.7,
  "guidance_scale": 7.5,
  "n_images": 20,
  "clip_mean": 0.285858578979969,
  "lpips_mean": 0.4422514110803604,
  "ssim_mean": 0.5938821932669032,
  "tradeoff_score": 0.17529572620987893,
  "clip_scores": [
    0.29152894020080566,
    0.28705596923828125,
    0.2914632260799408,
    0.2747683525085449,
    0.28851523995399475,
    0.2939375042915344,
    0.2850607931613922,
    0.28654947876930237,
    0.2836185693740845,
    0.26583120226860046,
    0.30410265922546387,
    0.28273850679397583,
    0.2794313132762909,
    0.3014378249645233,
    0.2902407944202423,
    0.2910554111003876,
    0.28941839933395386,
    0.2736380100250244,
    0.2790215015411377,
    0.2777578830718994
  ],
  "lpips_scores": [
    0.49754098057746887,
    0.25613027811050415,
    0.497456431388855,
    0.3211000859737396,
    0.41894373297691345,
    0.4773041903972626,
    0.46525853872299194,
    0.5648351907730103,
    0.41175320744514465,
    0.45420676469802856,
    0.470787912607193,
    0.4817984104156494,
    0.3579894006252289,
    0.5312418341636658,
    0.45066046714782715,
    0.5134084224700928,
    0.4594387412071228,
    0.33503299951553345,
    0.47823500633239746,
    0.4019056260585785
  ],
  "ssim_scores": [
    0.41996022090176816,
    0.7966347181794274,
    0.6160002376243842,
    0.7508139041530036,
    0.6811498041565008,
    0.48585545242801503,
    0.45113757667836296,
    0.47881331374164887,
    0.6907624510417246,
    0.5855675701366635,
    0.5992631661024522,
    0.5346655988724741,
    0.7112952279052159,
    0.42411780232099056,
    0.6381806121935306,
    0.558734216533295,
    0.5971970166581003,
    0.6824866080468247,
    0.578826725032174,
    0.596181642631508
  ]
}