{
  "prompt_name": "bangs",
  "edit_prompt": "a person with bangs, portrait, high quality",
  "run_name": "s0.70_g5.0",
  "strength": 0.7,
  "guidance_scale": 5.0,
  "n_images": 20,
  "clip_mean": 0.2672040969133377,
  "lpips_mean": 0.43972850888967513,
  "ssim_mean": 0.6052793277786388,
  "tradeoff_score": 0.1572719696909189,
  "clip_scores": [
    0.2349100261926651,
    0.2739064693450928,
    0.2575410306453705,
    0.2685015797615051,
    0.23761680722236633,
    0.2918139100074768,
    0.2575778365135193,
    0.26888757944107056,
    0.2878171503543854,
    0.2705894708633423,
    0.2502644658088684,
    0.289078950881958,
    0.27119195461273193,
    0.2865540385246277,
    0.27314701676368713,
    0.2578085660934448,
    0.28957581520080566,
    0.2488107532262802,
    0.26579171419143677,
    0.2626968026161194
  ],
  "lpips_scores": [
    0.5037214756011963,
    0.3022807538509369,
    0.43201497197151184,
    0.33961665630340576,
    0.3718739151954651,
    0.5283187627792358,
    0.42568153142929077,
    0.5129355788230896,
    0.45075082778930664,
    0.36198893189430237,
    0.5331354141235352,
    0.4623444974422455,
    0.3379264175891876,
    0.5020501613616943,
    0.5085725784301758,
    0.5173212885856628,
    0.47485870122909546,
    0.4084097146987915,
    0.3823898136615753,
    0.4383781850337982
  ],
  "ssim_scores": [
    0.3981421179740741,
    0.7522947136869869,
    0.6865085837534174,
    0.7413424691864056,
    0.7076772176467504,
    0.49636220837468664,
    0.5351035921968622,
    0.45493750371405367,
    0.7146263297799442,
    0.6748317112398102,
    0.5841709317272303,
    0.555149115767002,
    0.7494086578769167,
    0.38162419904679995,
    0.6024646264076134,
    0.576264267892638,
    0.6048184769942979,
    0.6878750611434924,
    0.6165098675108954,
    0.585474903652898
  ]
}