{
  "prompt_name": "bangs",
  "edit_prompt": "a person with bangs, portrait, high quality",
  "run_name": "s0.30_g5.0",
  "strength": 0.3,
  "guidance_scale": 5.0,
  "n_images": 20,
  "clip_mean": 0.22903014048933984,
  "lpips_mean": 0.19891403429210186,
  "ssim_mean": 0.7709116256156839,
  "tradeoff_score": 0.17930163191631437,
  "clip_scores": [
    0.2369251698255539,
    0.2219400256872177,
    0.22609937191009521,
    0.24087171256542206,
    0.20324663817882538,
    0.22814258933067322,
    0.21434399485588074,
    0.21821299195289612,
    0.22784073650836945,
    0.22527651488780975,
    0.24599063396453857,
    0.2463439702987671,
    0.2536631226539612,
    0.2544843554496765,
    0.22633159160614014,
    0.24465370178222656,
    0.24254965782165527,
    0.22292354702949524,
    0.19092971086502075,
    0.20983277261257172
  ],
  "lpips_scores": [
    0.20820868015289307,
    0.16607436537742615,
    0.21005821228027344,
    0.1885043978691101,
    0.1643311232328415,
    0.2439817637205124,
    0.1928442269563675,
    0.22604277729988098,
    0.24879059195518494,
    0.15988552570343018,
    0.19667211174964905,
    0.21573372185230255,
    0.11172070354223251,
    0.2821938097476959,
    0.2270607054233551,
    0.22589030861854553,
    0.21406389772891998,
    0.1519140899181366,
    0.1540960818529129,
    0.19021359086036682
  ],
  "ssim_scores": [
    0.6240063325715268,
    0.8663494751005762,
    0.830571320785082,
    0.8553509807604253,
    0.8340375637639629,
    0.708716701803842,
    0.7320095964815487,
    0.6761918375301459,
    0.8217001479299367,
    0.7990093927187324,
    0.8086073106211971,
    0.724136617360316,
    0.8805886219898457,
    0.6062180384584982,
    0.7630285100612831,
    0.7620133906545984,
    0.7497998842080357,
    0.8324670987911059,
    0.77422397874359,
    0.7692057119794279
  ]
}