{
  "prompt_name": "bangs",
  "edit_prompt": "a person with bangs, portrait, high quality",
  "run_name": "s0.70_g7.5",
  "strength": 0.7,
  "guidance_scale": 7.5,
  "n_images": 20,
  "clip_mean": 0.275521782040596,
  "lpips_mean": 0.45418616086244584,
  "ssim_mean": 0.5982195200568959,
  "tradeoff_score": 0.16197524182498457,
  "clip_scores": [
    0.23880818486213684,
    0.2770002782344818,
    0.27546122670173645,
    0.27422621846199036,
    0.25888437032699585,
    0.2941710352897644,
    0.26352789998054504,
    0.2861003875732422,
    0.2858489751815796,
    0.2828088700771332,
    0.25787419080734253,
    0.2979126572608948,
    0.2782794237136841,
    0.29261714220046997,
    0.28426626324653625,
    0.2627890408039093,
    0.29216456413269043,
    0.2567518949508667,
    0.26807528734207153,
    0.2828677296638489
  ],
  "lpips_scores": [
    0.5168930292129517,
    0.31563708186149597,
    0.45834416151046753,
    0.3507062494754791,
    0.38495945930480957,
    0.5370092391967773,
    0.44318458437919617,
    0.5316604375839233,
    0.4600416421890259,
    0.3795241415500641,
    0.5396075248718262,
    0.47295916080474854,
    0.3470897078514099,
    0.5263357162475586,
    0.533890426158905,
    0.5366598963737488,
    0.4826982915401459,
    0.43117421865463257,
    0.3806227445602417,
    0.4547255039215088
  ],
  "ssim_scores": [
    0.3911395805113737,
    0.7438871788540472,
    0.672574842768164,
    0.7324390146405194,
    0.69233983321837,
    0.4909041744599279,
    0.5260950397262322,
    0.44501619385977675,
    0.7150206347377831,
    0.6671670197078293,
    0.582247402846893,
    0.5458059722914684,
    0.7394977010142498,
    0.375337895234436,
    0.6089538033176148,
    0.5630057410390849,
    0.6012205832703607,
    0.672432848751555,
    0.6151724756611984,
    0.5841324652270342
  ]
}