{
  "prompt_name": "smile",
  "edit_prompt": "a smiling person, portrait, high quality",
  "run_name": "s0.70_g7.5",
  "strength": 0.7,
  "guidance_scale": 7.5,
  "n_images": 20,
  "clip_mean": 0.28533740937709806,
  "lpips_mean": 0.4371865004301071,
  "ssim_mean": 0.6037529799009382,
  "tradeoff_score": 0.1760407842695713,
  "clip_scores": [
    0.2762296199798584,
    0.2768205404281616,
    0.29407799243927,
    0.27701109647750854,
    0.2908731698989868,
    0.2942869961261749,
    0.2787020802497864,
    0.2633616328239441,
    0.28365087509155273,
    0.3094926178455353,
    0.2752610743045807,
    0.3019990921020508,
    0.2782982587814331,
    0.2967405915260315,
    0.31185150146484375,
    0.2854751646518707,
    0.2928626835346222,
    0.26397502422332764,
    0.2713066041469574,
    0.2844715714454651
  ],
  "lpips_scores": [
    0.49290695786476135,
    0.26566624641418457,
    0.4527488350868225,
    0.2898149788379669,
    0.3589421510696411,
    0.510438084602356,
    0.44223347306251526,
    0.5264679789543152,
    0.4402748942375183,
    0.36450856924057007,
    0.5363971590995789,
    0.4823745787143707,
    0.3412702977657318,
    0.5624308586120605,
    0.4801549017429352,
    0.5496630668640137,
    0.4561188519001007,
    0.3894999027252197,
    0.37209784984588623,
    0.42972037196159363
  ],
  "ssim_scores": [
    0.3992089324867509,
    0.7851059284086966,
    0.6632027210545185,
    0.7631676135403153,
    0.7109361933501105,
    0.4959879506155671,
    0.4945895911184614,
    0.4672147963773429,
    0.7159359488347486,
    0.6795536476304497,
    0.5774376250179591,
    0.5462348795769424,
    0.7161189859987799,
    0.37586432741788117,
    0.6279759700198045,
    0.5649186743957064,
    0.6031841437162926,
    0.6823255803949584,
    0.6157616167443247,
    0.5903344713191543
  ]
}