{
  "prompt_name": "bangs",
  "edit_prompt": "a person with bangs, portrait, high quality",
  "run_name": "s0.30_g7.5",
  "strength": 0.3,
  "guidance_scale": 7.5,
  "n_images": 20,
  "clip_mean": 0.23072648271918297,
  "lpips_mean": 0.21020253077149392,
  "ssim_mean": 0.761190008236749,
  "tradeoff_score": 0.17817585002630948,
  "clip_scores": [
    0.2233435958623886,
    0.23840340971946716,
    0.22144640982151031,
    0.2401038408279419,
    0.21813330054283142,
    0.22753548622131348,
    0.22326990962028503,
    0.23012754321098328,
    0.22616788744926453,
    0.21564838290214539,
    0.2314346879720688,
    0.2413102090358734,
    0.26302099227905273,
    0.24506336450576782,
    0.2503170371055603,
    0.22983711957931519,
    0.2265966832637787,
    0.22165444493293762,
    0.21542906761169434,
    0.22568628191947937
  ],
  "lpips_scores": [
    0.22355258464813232,
    0.15337145328521729,
    0.25506097078323364,
    0.15975211560726166,
    0.2057453989982605,
    0.2448982298374176,
    0.19225278496742249,
    0.2232751101255417,
    0.25195908546447754,
    0.17709660530090332,
    0.20260708034038544,
    0.23256874084472656,
    0.2745257019996643,
    0.2374584972858429,
    0.20777514576911926,
    0.22612570226192474,
    0.21619397401809692,
    0.1664731651544571,
    0.1534111499786377,
    0.19994711875915527
  ],
  "ssim_scores": [
    0.6214138320360013,
    0.8532235425833022,
    0.8048424837339628,
    0.8624549808554539,
    0.8115793480335102,
    0.700088587306046,
    0.7280652427054619,
    0.6747458562336073,
    0.8063476828211217,
    0.7895393846868278,
    0.7999410435861085,
    0.7182086761060922,
    0.7954451348751893,
    0.6239245082899755,
    0.7670854630661772,
    0.755176295767229,
    0.7449793624741664,
    0.8311786725690752,
    0.7769467424104367,
    0.7586133245952347
  ]
}