{
  "run_name": "s0.50_g7.5",
  "strength": 0.5,
  "guidance_scale": 7.5,
  "n_images": 20,
  "clip_mean": 0.26088428050279616,
  "lpips_mean": 0.30513632819056513,
  "tradeoff_score": 0.18460019845515488,
  "clip_scores": [
    0.2646137475967407,
    0.27579233050346375,
    0.2538626492023468,
    0.23993390798568726,
    0.2852857708930969,
    0.29218602180480957,
    0.2465927004814148,
    0.2516329288482666,
    0.27165618538856506,
    0.2569698989391327,
    0.24290598928928375,
    0.2773619294166565,
    0.26351118087768555,
    0.2528998851776123,
    0.26357728242874146,
    0.2658509612083435,
    0.2742707133293152,
    0.24729199707508087,
    0.24093413352966309,
    0.2505553960800171
  ],
  "lpips_scores": [
    0.34449267387390137,
    0.21859054267406464,
    0.28590041399002075,
    0.21094770729541779,
    0.290615439414978,
    0.3570248484611511,
    0.300519734621048,
    0.39934927225112915,
    0.3155200779438019,
    0.24943724274635315,
    0.3431205749511719,
    0.36298632621765137,
    0.212254136800766,
    0.4010782837867737,
    0.3354147672653198,
    0.3813405930995941,
    0.3579437732696533,
    0.19529549777507782,
    0.28934264183044434,
    0.251552015542984
  ]
}