{
  "prompt_name": "glasses",
  "edit_prompt": "a person wearing eyeglasses, portrait, high quality",
  "run_name": "s0.70_g5.0",
  "strength": 0.7,
  "guidance_scale": 5.0,
  "n_images": 20,
  "clip_mean": 0.28979488760232924,
  "lpips_mean": 0.44035059213638306,
  "ssim_mean": 0.6021148695612667,
  "tradeoff_score": 0.17970723956823348,
  "clip_scores": [
    0.2921747863292694,
    0.28055208921432495,
    0.3083322048187256,
    0.29015013575553894,
    0.27940842509269714,
    0.2952292859554291,
    0.29587966203689575,
    0.258150190114975,
    0.2955012917518616,
    0.3039870262145996,
    0.2972283959388733,
    0.2923937737941742,
    0.2984427809715271,
    0.2790720760822296,
    0.27971208095550537,
    0.29907187819480896,
    0.3082011938095093,
    0.27402132749557495,
    0.28640779852867126,
    0.28198134899139404
  ],
  "lpips_scores": [
    0.48613211512565613,
    0.2825632691383362,
    0.41834357380867004,
    0.32673197984695435,
    0.368879109621048,
    0.5336333513259888,
    0.43818408250808716,
    0.4659903645515442,
    0.42097803950309753,
    0.3762686848640442,
    0.5524032115936279,
    0.47569799423217773,
    0.3788186311721802,
    0.5456632375717163,
    0.4987597167491913,
    0.5636907815933228,
    0.47899845242500305,
    0.3824125826358795,
    0.3729240596294403,
    0.43993860483169556
  ],
  "ssim_scores": [
    0.4279231616616421,
    0.778371855860112,
    0.6902748376432459,
    0.7486474863142614,
    0.7145391586002877,
    0.47999658829810193,
    0.516298810877892,
    0.47081519727671856,
    0.6971225298032642,
    0.6742705619148235,
    0.5640228556947331,
    0.549783016381423,
    0.7315051505301899,
    0.3649668120145775,
    0.6141464168332682,
    0.5734571037714619,
    0.5834563121284368,
    0.6872937778286282,
    0.5954242394831827,
    0.5799815183090844
  ]
}