{
  "run_name": "s0.50_g10.0",
  "strength": 0.5,
  "guidance_scale": 10.0,
  "n_images": 20,
  "clip_mean": 0.26551530584692956,
  "lpips_mean": 0.31648615300655364,
  "tradeoff_score": 0.18639376759529114,
  "clip_scores": [
    0.27073490619659424,
    0.2740425169467926,
    0.264194518327713,
    0.24692142009735107,
    0.28639841079711914,
    0.29899948835372925,
    0.24815548956394196,
    0.2530950903892517,
    0.2745943069458008,
    0.2596832513809204,
    0.25146913528442383,
    0.2835635542869568,
    0.2759304344654083,
    0.2554853558540344,
    0.26314952969551086,
    0.27022281289100647,
    0.28286629915237427,
    0.24453285336494446,
    0.24903413653373718,
    0.2572326064109802
  ],
  "lpips_scores": [
    0.35687416791915894,
    0.25460952520370483,
    0.303396075963974,
    0.19650456309318542,
    0.2999122738838196,
    0.3668631315231323,
    0.306208997964859,
    0.4026223421096802,
    0.3001480996608734,
    0.2769242227077484,
    0.36027973890304565,
    0.3760269582271576,
    0.25587669014930725,
    0.4160020053386688,
    0.3344241976737976,
    0.3876657783985138,
    0.37122559547424316,
    0.2107987105846405,
    0.295811265707016,
    0.2575487196445465
  ]
}