{
  "prompt_name": "smile",
  "edit_prompt": "a smiling person, portrait, high quality",
  "run_name": "s0.50_g7.5",
  "strength": 0.5,
  "guidance_scale": 7.5,
  "n_images": 20,
  "clip_mean": 0.2615557909011841,
  "lpips_mean": 0.30423768162727355,
  "ssim_mean": 0.682921430146066,
  "tradeoff_score": 0.18549637049436568,
  "clip_scores": [
    0.2775217890739441,
    0.26762956380844116,
    0.2624192535877228,
    0.25178998708724976,
    0.2648475766181946,
    0.2743189334869385,
    0.25314995646476746,
    0.25040102005004883,
    0.27136439085006714,
    0.2648412585258484,
    0.26386067271232605,
    0.2784261107444763,
    0.2591826617717743,
    0.2798866629600525,
    0.25662368535995483,
    0.2636737823486328,
    0.27712857723236084,
    0.24263328313827515,
    0.23348048329353333,
    0.23793616890907288
  ],
  "lpips_scores": [
    0.34483784437179565,
    0.25033074617385864,
    0.3192517161369324,
    0.3100825846195221,
    0.24320439994335175,
    0.38183897733688354,
    0.2716257870197296,
    0.36543890833854675,
    0.2667640745639801,
    0.23539137840270996,
    0.30923396348953247,
    0.3510664403438568,
    0.19891689717769623,
    0.36711031198501587,
    0.34345296025276184,
    0.34678274393081665,
    0.3686220943927765,
    0.2527475357055664,
    0.26498332619667053,
    0.2930709421634674
  ],
  "ssim_scores": [
    0.5474141095390564,
    0.7971203800216647,
    0.7422992905920892,
    0.7888855791766805,
    0.7505396666006415,
    0.6091218226988929,
    0.6588160564937741,
    0.579063479028008,
    0.7791127431141311,
    0.7287183419982531,
    0.7070013842371528,
    0.6519517359813403,
    0.80233123479913,
    0.5004275502415748,
    0.6901054175391702,
    0.6009145256177914,
    0.6424702934066315,
    0.7473835854335072,
    0.6580895086705342,
    0.6766618977312949
  ]
}