{
  "prompt_name": "glasses",
  "edit_prompt": "a person wearing eyeglasses, portrait, high quality",
  "run_name": "s0.70_g7.5",
  "strength": 0.7,
  "guidance_scale": 7.5,
  "n_images": 20,
  "clip_mean": 0.28982452005147935,
  "lpips_mean": 0.45828087329864503,
  "ssim_mean": 0.5987039704683523,
  "tradeoff_score": 0.1752543017268181,
  "clip_scores": [
    0.29781222343444824,
    0.2768269181251526,
    0.2815974950790405,
    0.27250659465789795,
    0.29031944274902344,
    0.30428338050842285,
    0.27116456627845764,
    0.2761659622192383,
    0.3041474223136902,
    0.2911962866783142,
    0.2922813296318054,
    0.29809150099754333,
    0.3005961775779724,
    0.3142094612121582,
    0.3268495798110962,
    0.27922651171684265,
    0.28917211294174194,
    0.2829441428184509,
    0.2893407940864563,
    0.2577584981918335
  ],
  "lpips_scores": [
    0.5034542083740234,
    0.36558791995048523,
    0.40328115224838257,
    0.29390498995780945,
    0.41959819197654724,
    0.5387649536132812,
    0.468883752822876,
    0.6221438646316528,
    0.4145626723766327,
    0.3709985017776489,
    0.5034558176994324,
    0.5398799180984497,
    0.2972429394721985,
    0.5569977164268494,
    0.5223536491394043,
    0.48950448632240295,
    0.4976612329483032,
    0.47082263231277466,
    0.40867990255355835,
    0.4778389632701874
  ],
  "ssim_scores": [
    0.40688471918450925,
    0.72153368791824,
    0.7044158573718615,
    0.7633329194131767,
    0.6462002365828284,
    0.49509255410643055,
    0.5341074890277829,
    0.5230951661166829,
    0.705153829128181,
    0.6606764656845455,
    0.6028060704048661,
    0.5078668942825385,
    0.7602286267811014,
    0.3947989768109212,
    0.605081816857728,
    0.5426767171056973,
    0.5885034706630576,
    0.6552828460454744,
    0.5902006979860713,
    0.5661403678953504
  ]
}