{
  "run_name": "s0.30_g10.0",
  "strength": 0.3,
  "guidance_scale": 10.0,
  "n_images": 20,
  "clip_mean": 0.24680353701114655,
  "lpips_mean": 0.21297989636659623,
  "tradeoff_score": 0.1935585629194975,
  "clip_scores": [
    0.26462268829345703,
    0.2671648859977722,
    0.2252689003944397,
    0.23319143056869507,
    0.25511133670806885,
    0.2644585072994232,
    0.23036330938339233,
    0.21814493834972382,
    0.26570332050323486,
    0.23681053519248962,
    0.250520795583725,
    0.250152051448822,
    0.24308642745018005,
    0.2731679379940033,
    0.25947433710098267,
    0.25114011764526367,
    0.2604804039001465,
    0.2346205711364746,
    0.20441171526908875,
    0.24817653000354767
  ],
  "lpips_scores": [
    0.21168319880962372,
    0.2077561765909195,
    0.22747153043746948,
    0.18813170492649078,
    0.1814519762992859,
    0.2491307109594345,
    0.19567817449569702,
    0.23369817435741425,
    0.2729375660419464,
    0.17222988605499268,
    0.22732055187225342,
    0.23465397953987122,
    0.12795506417751312,
    0.3005155622959137,
    0.24331435561180115,
    0.24903187155723572,
    0.21886108815670013,
    0.15391674637794495,
    0.16923674941062927,
    0.19462285935878754
  ]
}