prompt_name,run_name,strength,guidance_scale,clip_mean,lpips_mean,ssim_mean,tradeoff_score,best_image_id,best_image_path
bangs,s0.30_g7.5,0.3,7.5,0.23072648271918297,0.21020253077149392,0.761190008236749,0.17817585002630948,face_03,bangs/s0.30_g7.5/edit_003.jpg
glasses,s0.30_g7.5,0.3,7.5,0.24171194508671762,0.20798369199037553,0.7621986922416271,0.18971602208912375,face_12,glasses/s0.30_g7.5/edit_012.jpg
smile,s0.30_g7.5,0.3,7.5,0.24677122086286546,0.2035525619983673,0.7650178543202254,0.19588308036327362,face_01,smile/s0.30_g7.5/edit_001.jpg
