{
  "prompt_name": "bangs",
  "edit_prompt": "a person with bangs, portrait, high quality",
  "run_name": "s0.30_g7.5",
  "strength": 0.3,
  "guidance_scale": 7.5,
  "n_images": 20,
  "clip_mean": 0.23028591945767402,
  "lpips_mean": 0.20163892917335033,
  "ssim_mean": 0.769176743842779,
  "tradeoff_score": 0.17987618716433643,
  "clip_scores": [
    0.23795929551124573,
    0.2200053185224533,
    0.22704961895942688,
    0.24042099714279175,
    0.20319226384162903,
    0.228693425655365,
    0.21740898489952087,
    0.21947625279426575,
    0.23264092206954956,
    0.22323986887931824,
    0.24689465761184692,
    0.2503546476364136,
    0.25601643323898315,
    0.2560783326625824,
    0.2282002717256546,
    0.24350248277187347,
    0.24865035712718964,
    0.22299452126026154,
    0.19101041555404663,
    0.2119293212890625
  ],
  "lpips_scores": [
    0.20866186916828156,
    0.17358744144439697,
    0.20914945006370544,
    0.18538813292980194,
    0.1648038774728775,
    0.2447325587272644,
    0.19619441032409668,
    0.22736918926239014,
    0.25731876492500305,
    0.16205638647079468,
    0.2020290642976761,
    0.22145643830299377,
    0.11728823930025101,
    0.28313785791397095,
    0.22642487287521362,
    0.23082664608955383,
    0.21749165654182434,
    0.15292158722877502,
    0.1579744517803192,
    0.19396568834781647
  ],
  "ssim_scores": [
    0.6240802424252752,
    0.8578765293469263,
    0.8320182471756313,
    0.8553466789972101,
    0.8346478455457813,
    0.7086252746516976,
    0.7301954164723167,
    0.6743252349764095,
    0.8174656655310338,
    0.7968267139239259,
    0.806563938902941,
    0.7202207271061454,
    0.8770027234677945,
    0.6058947335137813,
    0.7632100365691808,
    0.7591453490533464,
    0.7474546358605806,
    0.8308830402403515,
    0.7736777942068548,
    0.7680740488883983
  ]
}