{
  "run_name": "s0.60_g7.5",
  "strength": 0.6,
  "guidance_scale": 7.5,
  "n_images": 20,
  "clip_mean": 0.27203322798013685,
  "lpips_mean": 0.3716751798987389,
  "tradeoff_score": 0.17911443300545213,
  "clip_scores": [
    0.2721443176269531,
    0.26344385743141174,
    0.2853102684020996,
    0.2637937068939209,
    0.28536537289619446,
    0.3044816255569458,
    0.24995851516723633,
    0.23181332647800446,
    0.27422383427619934,
    0.27523648738861084,
    0.2655261754989624,
    0.27445971965789795,
    0.2813970446586609,
    0.2592673897743225,
    0.29138392210006714,
    0.29344046115875244,
    0.2832794785499573,
    0.24547959864139557,
    0.26457706093788147,
    0.2760823965072632
  ],
  "lpips_scores": [
    0.41244062781333923,
    0.22804737091064453,
    0.38420569896698,
    0.2415340542793274,
    0.3267001509666443,
    0.42865753173828125,
    0.3771292567253113,
    0.45106661319732666,
    0.3211281895637512,
    0.31495004892349243,
    0.46593499183654785,
    0.4367135763168335,
    0.2667158246040344,
    0.47065964341163635,
    0.45346319675445557,
    0.46912816166877747,
    0.413733571767807,
    0.2875862419605255,
    0.3293619751930237,
    0.3543468713760376
  ]
}