{
  "run_name": "s0.70_g5.0",
  "strength": 0.7,
  "guidance_scale": 5.0,
  "n_images": 20,
  "clip_mean": 0.27725773528218267,
  "lpips_mean": 0.420282407104969,
  "tradeoff_score": 0.17218713350594042,
  "clip_scores": [
    0.2689235210418701,
    0.265078604221344,
    0.2914848327636719,
    0.26133471727371216,
    0.2881646454334259,
    0.29225194454193115,
    0.2609909176826477,
    0.25973618030548096,
    0.2786599397659302,
    0.302284300327301,
    0.2603953778743744,
    0.2934301197528839,
    0.27788472175598145,
    0.2839990258216858,
    0.30152803659439087,
    0.2884562015533447,
    0.291461706161499,
    0.2499351054430008,
    0.25624245405197144,
    0.2729123532772064
  ],
  "lpips_scores": [
    0.48349612951278687,
    0.2565511465072632,
    0.44226932525634766,
    0.26399052143096924,
    0.35760360956192017,
    0.510645866394043,
    0.42507922649383545,
    0.5067903995513916,
    0.36399200558662415,
    0.3484124541282654,
    0.5298518538475037,
    0.47175168991088867,
    0.332276850938797,
    0.53389972448349,
    0.4727438986301422,
    0.5073980093002319,
    0.4510039985179901,
    0.36524027585983276,
    0.36048007011413574,
    0.42217108607292175
  ]
}