{
  "prompt_name": "smile",
  "edit_prompt": "a smiling person, portrait, high quality",
  "model_id": "runwayml/stable-diffusion-v1-5",
  "num_inference_steps": 30,
  "images_used": 20,
  "strengths": [
    0.3,
    0.5,
    0.7
  ],
  "guidance_scales": [
    5.0,
    7.5
  ],
  "ranking_by_tradeoff": [
    {
      "prompt_name": "smile",
      "edit_prompt": "a smiling person, portrait, high quality",
      "run_name": "s0.30_g5.0",
      "strength": 0.3,
      "guidance_scale": 5.0,
      "n_images": 20,
      "clip_mean": 0.24533774107694625,
      "lpips_mean": 0.2017322201281786,
      "ssim_mean": 0.768700045151633,
      "tradeoff_score": 0.1949046860449016,
      "clip_scores": [
        0.2628444731235504,
        0.2680835425853729,
        0.22419066727161407,
        0.22989684343338013,
        0.2542704939842224,
        0.26139241456985474,
        0.2277648150920868,
        0.21759167313575745,
        0.2613404095172882,
        0.2324400246143341,
        0.2492707222700119,
        0.2564704120159149,
        0.23988430202007294,
        0.26940208673477173,
        0.2591986656188965,
        0.25219571590423584,
        0.2605147659778595,
        0.2343628704547882,
        0.20172563195228577,
        0.24391429126262665
      ],
      "lpips_scores": [
        0.20809151232242584,
        0.16507764160633087,
        0.21917636692523956,
        0.1913604885339737,
        0.16989900171756744,
        0.24589888751506805,
        0.1892695128917694,
        0.22719796001911163,
        0.25076764822006226,
        0.16263552010059357,
        0.20563103258609772,
        0.22043253481388092,
        0.11481257528066635,
        0.2861151099205017,
        0.2363622784614563,
        0.23220299184322357,
        0.2134096771478653,
        0.15070319175720215,
        0.1573130339384079,
        0.18828743696212769
      ],
      "ssim_scores": [
        0.6236022998719689,
        0.8657789541535293,
        0.825761415076788,
        0.8543659514277527,
        0.8300358336618671,
        0.7062064029539713,
        0.7314445184925921,
        0.6734491941314754,
        0.8212204537871104,
        0.7985538507396907,
        0.8043143814624695,
        0.7204704617572818,
        0.8794150850668837,
        0.6028050875772585,
        0.7556993300981638,
        0.7570598462891672,
        0.7496702943763752,
        0.8331570372338216,
        0.7712529806314962,
        0.7697375242429961
      ]
    },
    {
      "prompt_name": "smile",
      "edit_prompt": "a smiling person, portrait, high quality",
      "run_name": "s0.30_g7.5",
      "strength": 0.3,
      "guidance_scale": 7.5,
      "n_images": 20,
      "clip_mean": 0.24578688889741898,
      "lpips_mean": 0.20605150498449804,
      "ssim_mean": 0.7658106429599305,
      "tradeoff_score": 0.19427401265129446,
      "clip_scores": [
        0.26337406039237976,
        0.26673030853271484,
        0.22455891966819763,
        0.23122259974479675,
        0.25563323497772217,
        0.2628529369831085,
        0.2286900281906128,
        0.21693313121795654,
        0.26389986276626587,
        0.23430010676383972,
        0.24976524710655212,
        0.2518590986728668,
        0.23854514956474304,
        0.27252814173698425,
        0.2595268785953522,
        0.25183677673339844,
        0.2607361674308777,
        0.23408910632133484,
        0.20308929681777954,
        0.245566725730896
      ],
      "lpips_scores": [
        0.20907971262931824,
        0.17241047322750092,
        0.2233107089996338,
        0.1888299435377121,
        0.17164480686187744,
        0.24735623598098755,
        0.19195444881916046,
        0.2311776876449585,
        0.26124387979507446,
        0.1663738191127777,
        0.21608485281467438,
        0.22827954590320587,
        0.12086854130029678,
        0.29116764664649963,
        0.2398362010717392,
        0.2405114471912384,
        0.21580590307712555,
        0.15191687643527985,
        0.1616043746471405,
        0.19157299399375916
      ],
      "ssim_scores": [
        0.6232727200718097,
        0.858696608701591,
        0.8233556021606004,
        0.8537207673887731,
        0.8295503892206102,
        0.7049148072773054,
        0.728360062872157,
        0.6705847819323568,
        0.816208421181624,
        0.7960369521919635,
        0.7998275762821428,
        0.7143904604963099,
        0.8760614076067369,
        0.5998544973349917,
        0.7524900716689543,
        0.7517518411108713,
        0.7474420454983268,
        0.8317225558608693,
        0.7694645361033429,
        0.7685067542372762
      ]
    },
    {
      "prompt_name": "smile",
      "edit_prompt": "a smiling person, portrait, high quality",
      "run_name": "s0.50_g7.5",
      "strength": 0.5,
      "guidance_scale": 7.5,
      "n_images": 20,
      "clip_mean": 0.26088428050279616,
      "lpips_mean": 0.30513632819056513,
      "ssim_mean": 0.684906188710438,
      "tradeoff_score": 0.18460019845515488,
      "clip_scores": [
        0.2646137475967407,
        0.27579233050346375,
        0.2538626492023468,
        0.23993390798568726,
        0.2852857708930969,
        0.29218602180480957,
        0.2465927004814148,
        0.2516329288482666,
        0.27165618538856506,
        0.2569698989391327,
        0.24290598928928375,
        0.2773619294166565,
        0.26351118087768555,
        0.2528998851776123,
        0.26357728242874146,
        0.2658509612083435,
        0.2742707133293152,
        0.24729199707508087,
        0.24093413352966309,
        0.2505553960800171
      ],
      "lpips_scores": [
        0.34449267387390137,
        0.21859054267406464,
        0.28590041399002075,
        0.21094770729541779,
        0.290615439414978,
        0.3570248484611511,
        0.300519734621048,
        0.39934927225112915,
        0.3155200779438019,
        0.24943724274635315,
        0.3431205749511719,
        0.36298632621765137,
        0.212254136800766,
        0.4010782837867737,
        0.3354147672653198,
        0.3813405930995941,
        0.3579437732696533,
        0.19529549777507782,
        0.28934264183044434,
        0.251552015542984
      ],
      "ssim_scores": [
        0.5487795735330946,
        0.7903940150855374,
        0.7535975302446537,
        0.8150367147333069,
        0.7816403010711644,
        0.6113905764339318,
        0.6168428246967962,
        0.5087381944790357,
        0.7845208368930998,
        0.7299501310236801,
        0.704604203740122,
        0.6449696733022313,
        0.8062938736220454,
        0.4735213152512408,
        0.6628370827617268,
        0.6572054444692355,
        0.6819739654697125,
        0.7832167291410181,
        0.6649453912258761,
        0.6776653970312525
      ]
    },
    {
      "prompt_name": "smile",
      "edit_prompt": "a smiling person, portrait, high quality",
      "run_name": "s0.50_g5.0",
      "strength": 0.5,
      "guidance_scale": 5.0,
      "n_images": 20,
      "clip_mean": 0.25486733615398405,
      "lpips_mean": 0.29218763038516044,
      "ssim_mean": 0.6880175352962118,
      "tradeoff_score": 0.18182042855769392,
      "clip_scores": [
        0.2608894109725952,
        0.2677565813064575,
        0.2416706532239914,
        0.2344282567501068,
        0.283296138048172,
        0.2817298173904419,
        0.23764865100383759,
        0.2457546591758728,
        0.26656225323677063,
        0.25118935108184814,
        0.2394089698791504,
        0.26980164647102356,
        0.2562195062637329,
        0.2528457045555115,
        0.25863105058670044,
        0.2601548433303833,
        0.26836371421813965,
        0.2449970841407776,
        0.23104052245616913,
        0.24495790898799896
      ],