{
  "run_name": "s0.60_g5.0",
  "strength": 0.6,
  "guidance_scale": 5.0,
  "n_images": 20,
  "clip_mean": 0.2647152803838253,
  "lpips_mean": 0.35570592656731603,
  "tradeoff_score": 0.1757887987419963,
  "clip_scores": [
    0.2608705759048462,
    0.2706804573535919,
    0.2741597890853882,
    0.25575870275497437,
    0.28029900789260864,
    0.30102717876434326,
    0.24802371859550476,
    0.229007750749588,
    0.2699108123779297,
    0.2696891129016876,
    0.2586832344532013,
    0.28200340270996094,
    0.270966500043869,
    0.25054308772087097,
    0.2625381648540497,
    0.2849436402320862,
    0.274757444858551,
    0.24184083938598633,
    0.24654997885227203,
    0.2620522081851959
  ],
  "lpips_scores": [
    0.4123532772064209,
    0.20414020121097565,
    0.3658534586429596,
    0.25500044226646423,
    0.31873655319213867,
    0.4169107675552368,
    0.33568882942199707,
    0.441987544298172,
    0.31750720739364624,
    0.29973605275154114,
    0.45260336995124817,
    0.4157957136631012,
    0.2667725086212158,
    0.450420081615448,
    0.39401036500930786,
    0.4535130560398102,
    0.40535473823547363,
    0.25014984607696533,
    0.3256850838661194,
    0.3318994343280792
  ]
}