{
  "model_id": "runwayml/stable-diffusion-v1-5",
  "resolution": 512,
  "num_inference_steps": 30,
  "images_used": 20,
  "strengths": [
    0.3,
    0.5,
    0.7
  ],
  "guidance_scales": [
    5.0,
    7.5
  ],
  "prompts": [
    {
      "prompt_name": "smile",
      "edit_prompt": "a smiling person, portrait, high quality",
      "summary_path": "outputs/final_submission/run_2026-04-13_12-25-21/multi_prompt/smile/summary_smile.json",
      "best_run": {
        "prompt_name": "smile",
        "edit_prompt": "a smiling person, portrait, high quality",
        "run_name": "s0.30_g5.0",
        "strength": 0.3,
        "guidance_scale": 5.0,
        "n_images": 20,
        "clip_mean": 0.24533774107694625,
        "lpips_mean": 0.2017322201281786,
        "ssim_mean": 0.768700045151633,
        "tradeoff_score": 0.1949046860449016,
        "clip_scores": [
          0.2628444731235504,
          0.2680835425853729,
          0.22419066727161407,
          0.22989684343338013,
          0.2542704939842224,
          0.26139241456985474,
          0.2277648150920868,
          0.21759167313575745,
          0.2613404095172882,
          0.2324400246143341,
          0.2492707222700119,
          0.2564704120159149,
          0.23988430202007294,
          0.26940208673477173,
          0.2591986656188965,
          0.25219571590423584,
          0.2605147659778595,
          0.2343628704547882,
          0.20172563195228577,
          0.24391429126262665
        ],
        "lpips_scores": [
          0.20809151232242584,
          0.16507764160633087,
          0.21917636692523956,
          0.1913604885339737,
          0.16989900171756744,
          0.24589888751506805,
          0.1892695128917694,
          0.22719796001911163,
          0.25076764822006226,
          0.16263552010059357,
          0.20563103258609772,
          0.22043253481388092,
          0.11481257528066635,
          0.2861151099205017,
          0.2363622784614563,
          0.23220299184322357,
          0.2134096771478653,
          0.15070319175720215,
          0.1573130339384079,
          0.18828743696212769
        ],
        "ssim_scores": [
          0.6236022998719689,
          0.8657789541535293,
          0.825761415076788,
          0.8543659514277527,
          0.8300358336618671,
          0.7062064029539713,
          0.7314445184925921,
          0.6734491941314754,
          0.8212204537871104,
          0.7985538507396907,
          0.8043143814624695,
          0.7204704617572818,
          0.8794150850668837,
          0.6028050875772585,
          0.7556993300981638,
          0.7570598462891672,
          0.7496702943763752,
          0.8331570372338216,
          0.7712529806314962,
          0.7697375242429961
        ]
      }
    },
    {
      "prompt_name": "glasses",
      "edit_prompt": "a person wearing eyeglasses, portrait, high quality",
      "summary_path": "outputs/final_submission/run_2026-04-13_12-25-21/multi_prompt/glasses/summary_glasses.json",
      "best_run": {
        "prompt_name": "glasses",
        "edit_prompt": "a person wearing eyeglasses, portrait, high quality",
        "run_name": "s0.50_g5.0",
        "strength": 0.5,
        "guidance_scale": 5.0,
        "n_images": 20,
        "clip_mean": 0.2736091367900372,
        "lpips_mean": 0.3123260661959648,
        "ssim_mean": 0.6784104964747278,
        "tradeoff_score": 0.19552762024104597,
        "clip_scores": [
          0.283168226480484,
          0.2857617437839508,
          0.22750593721866608,
          0.279513418674469,
          0.28905951976776123,
          0.28333404660224915,
          0.2717221975326538,
          0.24149003624916077,
          0.28076401352882385,
          0.2812406122684479,
          0.2746201157569885,
          0.2803073227405548,
          0.2663745880126953,
          0.27915194630622864,
          0.266975075006485,
          0.2763277292251587,
          0.2872207760810852,
          0.25900375843048096,
          0.28872600197792053,
          0.2699156701564789
        ],
        "lpips_scores": [
          0.36734896898269653,
          0.20508889853954315,
          0.2954831123352051,
          0.26295900344848633,
          0.2972401976585388,
          0.3722906708717346,
          0.30912014842033386,
          0.38813236355781555,
          0.3192484974861145,
          0.26788684725761414,
          0.3573460876941681,
          0.35591772198677063,
          0.20664550364017487,
          0.40854698419570923,
          0.33671027421951294,
          0.37035059928894043,
          0.3694908916950226,
          0.205730140209198,
          0.2856818735599518,
          0.26530253887176514
        ],
        "ssim_scores": [
          0.5253302191875239,
          0.8042384007593059,
          0.7546726741823474,
          0.7898447711131524,
          0.7643948855405815,
          0.5930287878584765,
          0.6190592687408313,
          0.5266937308715683,
          0.7723072406209693,
          0.7132627911828866,
          0.6934862651972687,
          0.6410333977296582,
          0.8150526684629198,
          0.470272139913574,
          0.6507890211678142,
          0.6490761829653039,
          0.6745369466903837,
          0.7729184910163552,
          0.6602270578669827,
          0.6779849884266507
        ]
      }
    },
    {
      "prompt_name": "bangs",
      "edit_prompt": "a person with bangs, portrait, high quality",
      "summary_path": "outputs/final_submission/run_2026-04-13_12-25-21/multi_prompt/bangs/summary_bangs.json",
      "best_run": {
        "prompt_name": "bangs",
        "edit_prompt": "a person with bangs, portrait, high quality",
        "run_name": "s0.30_g7.5",
        "strength": 0.3,
        "guidance_scale": 7.5,
        "n_images": 20,
        "clip_mean": 0.23028591945767402,
        "lpips_mean": 0.20163892917335033,
        "ssim_mean": 0.769176743842779,
        "tradeoff_score": 0.17987618716433643,
        "clip_scores": [
          0.23795929551124573,
          0.2200053185224533,
          0.22704961895942688,
          0.24042099714279175,
          0.20319226384162903,
          0.228693425655365,
          0.21740898489952087,
          0.21947625279426575,
          0.23264092206954956,
          0.22323986887931824,
          0.24689465761184692,
          0.2503546476364136,
          0.25601643323898315,
          0.2560783326625824,
          0.2282002717256546,
          0.24350248277187347,
          0.24865035712718964,
          0.22299452126026154,
          0.19101041555404663,
          0.2119293212890625
        ],
        "lpips_scores": [
          0.20866186916828156,
          0.17358744144439697,
          0.20914945006370544,
          0.18538813292980194,
          0.1648038774728775,
          0.2447325587272644,
          0.19619441032409668,
          0.22736918926239014,
          0.25731876492500305,
          0.16205638647079468,
          0.2020290642976761,
          0.22145643830299377,
          0.11728823930025101,
          0.28313785791397095,
          0.22642487287521362,
          0.23082664608955383,
          0.21749165654182434,
          0.15292158722877502,
          0.1579744517803192,
          0.19396568834781647
        ],
        "ssim_scores": [
          0.6240802424252752,
          0.8578765293469263,
          0.8320182471756313,
          0.8553466789972101,
          0.8346478455457813,
          0.7086252746516976,
          0.7301954164723167,
          0.6743252349764095,
          0.8174656655310338,
          0.7968267139239259,
          0.806563938902941,
          0.7202207271061454,
          0.8770027234677945,
          0.6058947335137813,
          0.7632100365691808,
          0.7591453490533464,
          0.7474546358605806,
          0.8308830402403515,
          0.7736777942068548,
          0.7680740488883983
        ]
      }
    }
  ]
}