{
  "prompt_name": "glasses",
  "edit_prompt": "a person wearing eyeglasses, portrait, high quality",
  "run_name": "s0.30_g7.5",
  "strength": 0.3,
  "guidance_scale": 7.5,
  "n_images": 20,
  "clip_mean": 0.24088365510106086,
  "lpips_mean": 0.21377044320106506,
  "ssim_mean": 0.7620140420258888,
  "tradeoff_score": 0.18744104430079458,
  "clip_scores": [
    0.2368035912513733,
    0.2266344428062439,
    0.22074273228645325,
    0.23028302192687988,
    0.23656350374221802,
    0.2331857681274414,
    0.21362921595573425,
    0.19625338912010193,
    0.28308582305908203,
    0.2688862681388855,
    0.2544483244419098,
    0.22286921739578247,
    0.2675495147705078,
    0.2312355786561966,
    0.23771554231643677,
    0.2733721435070038,
    0.2766796350479126,
    0.22604849934577942,
    0.262376070022583,
    0.21931082010269165
  ],
  "lpips_scores": [
    0.20929650962352753,
    0.17252637445926666,
    0.23060959577560425,
    0.19019749760627747,
    0.1766481101512909,
    0.25457751750946045,
    0.19878928363323212,
    0.23430636525154114,
    0.2866585850715637,
    0.17596904933452606,
    0.22807720303535461,
    0.23047345876693726,
    0.1290968656539917,
    0.30580154061317444,
    0.2436978816986084,
    0.2547621726989746,
    0.22996239364147186,
    0.1541791558265686,
    0.17373768985271454,
    0.19604161381721497
  ],
  "ssim_scores": [
    0.6238440804884716,
    0.8583572626857167,
    0.8207148050980503,
    0.8525140779186584,
    0.8266837551527021,
    0.7024703774792994,
    0.7262070162907773,
    0.6684202434412073,
    0.8012862905662801,
    0.7909416666796107,
    0.7942561484937287,
    0.7137672288522804,
    0.8710481085207272,
    0.593486963921499,
    0.7505067256727793,
    0.7427473126266619,
    0.7423119362594074,
    0.8312163475162261,
    0.7626443914100521,
    0.7668561014436399
  ]
}