{
  "prompt_name": "glasses",
  "edit_prompt": "a person wearing eyeglasses, portrait, high quality",
  "run_name": "s0.70_g7.5",
  "strength": 0.7,
  "guidance_scale": 7.5,
  "n_images": 20,
  "clip_mean": 0.29428028166294096,
  "lpips_mean": 0.4559218868613243,
  "ssim_mean": 0.5944133197699243,
  "tradeoff_score": 0.18029980994760988,
  "clip_scores": [
    0.2936525344848633,
    0.2847580909729004,
    0.3125152587890625,
    0.2909083068370819,
    0.2835164964199066,
    0.2912858724594116,
    0.29997044801712036,
    0.25612661242485046,
    0.3032481074333191,
    0.3022085428237915,
    0.3059013783931732,
    0.29748138785362244,
    0.30135011672973633,
    0.2922787666320801,
    0.3062543272972107,
    0.2982594966888428,
    0.305086225271225,
    0.28423961997032166,
    0.29204195737838745,
    0.28452208638191223
  ],
  "lpips_scores": [
    0.4925912618637085,
    0.29076552391052246,
    0.4249916970729828,
    0.33347636461257935,
    0.3703805208206177,
    0.5727671384811401,
    0.455295592546463,
    0.47759494185447693,
    0.46875715255737305,
    0.3927553594112396,
    0.5703747272491455,
    0.4958058297634125,
    0.390500009059906,
    0.5593811869621277,
    0.503201961517334,
    0.5859732031822205,
    0.48879706859588623,
    0.39995276927948,
    0.37882179021835327,
    0.4662536382675171
  ],
  "ssim_scores": [
    0.42765056916077643,
    0.7744700627894044,
    0.6900239451859861,
    0.7434435612339728,
    0.7139662189974478,
    0.46115369254761646,
    0.5023863086993621,
    0.47025068071923215,
    0.6818259065650761,
    0.6698225701655348,
    0.5486555867143239,
    0.5429946811948034,
    0.7186318536836556,
    0.3714923712344729,
    0.6227723237809685,
    0.55532102967629,
    0.5764024669344795,
    0.6744146305336907,
    0.5705920165183079,
    0.5719959190630851
  ]
}