{
  "prompt_name": "bangs",
  "edit_prompt": "a person with bangs, portrait, high quality",
  "run_name": "s0.50_g7.5",
  "strength": 0.5,
  "guidance_scale": 7.5,
  "n_images": 20,
  "clip_mean": 0.2416795201599598,
  "lpips_mean": 0.30010576769709585,
  "ssim_mean": 0.6738055621155594,
  "tradeoff_score": 0.16665307823568584,
  "clip_scores": [
    0.22597089409828186,
    0.22979050874710083,
    0.2524487376213074,
    0.23718920350074768,
    0.21945345401763916,
    0.27319788932800293,
    0.22812673449516296,
    0.23457282781600952,
    0.2410016655921936,
    0.21468806266784668,
    0.27254897356033325,
    0.2521445155143738,
    0.27384713292121887,
    0.2585453987121582,
    0.2311311960220337,
    0.24427153170108795,
    0.2486911416053772,
    0.22506451606750488,
    0.22784489393234253,
    0.2430611252784729
  ],
  "lpips_scores": [
    0.3398812711238861,
    0.22524338960647583,
    0.33118200302124023,
    0.2615537941455841,
    0.22865687310695648,
    0.3732095956802368,
    0.33419525623321533,
    0.3795023262500763,
    0.4450342059135437,
    0.26339390873908997,
    0.30156153440475464,
    0.290557324886322,
    0.21866542100906372,
    0.3348453640937805,
    0.31445932388305664,
    0.3288193643093109,
    0.3331327438354492,
    0.19889593124389648,
    0.2412225902080536,
    0.2581031322479248
  ],
  "ssim_scores": [
    0.5371277889398057,
    0.7917385630993768,
    0.73710329483714,
    0.7950645632180082,
    0.7572202718219688,
    0.5698652732446428,
    0.6088806432906734,
    0.5193355624418281,
    0.6686133110122743,
    0.7154648313936995,
    0.7014385066645658,
    0.6453821971039134,
    0.7906156525768474,
    0.544013649045371,
    0.6852170502895302,
    0.6254630209166082,
    0.6286616105074515,
    0.7745488826074514,
    0.6987072684323881,
    0.6816493008676435
  ]
}