{
  "prompt_name": "glasses",
  "edit_prompt": "a person wearing eyeglasses, portrait, high quality",
  "run_name": "s0.30_g7.5",
  "strength": 0.3,
  "guidance_scale": 7.5,
  "n_images": 20,
  "clip_mean": 0.24171194508671762,
  "lpips_mean": 0.20798369199037553,
  "ssim_mean": 0.7621986922416271,
  "tradeoff_score": 0.18971602208912375,
  "clip_scores": [
    0.22704625129699707,
    0.2548905611038208,
    0.2419772744178772,
    0.2349487841129303,
    0.2691166400909424,
    0.23015329241752625,
    0.20770521461963654,
    0.20399366319179535,
    0.22388997673988342,
    0.23279732465744019,
    0.2350684106349945,
    0.22676819562911987,
    0.28926634788513184,
    0.22693011164665222,
    0.2636831998825073,
    0.2698011100292206,
    0.27956992387771606,
    0.22684478759765625,
    0.27640488743782043,
    0.21338294446468353
  ],
  "lpips_scores": [
    0.22484701871871948,
    0.16066356003284454,
    0.25739914178848267,
    0.15877175331115723,
    0.21217802166938782,
    0.2347501814365387,
    0.20355789363384247,
    0.22150592505931854,
    0.22788092494010925,
    0.1782538741827011,
    0.22483864426612854,
    0.2284603863954544,
    0.11635398864746094,
    0.2697007656097412,
    0.23260536789894104,
    0.24841740727424622,
    0.22336113452911377,
    0.16282327473163605,
    0.17106670141220093,
    0.20223787426948547
  ],
  "ssim_scores": [
    0.6253692353997223,
    0.8679882806442958,
    0.8080380665067977,
    0.8639780626524547,
    0.8089203849167349,
    0.7075014608950295,
    0.7217790628267448,
    0.6842168400218746,
    0.82258241741742,
    0.7959623724399633,
    0.7893518704874288,
    0.7131388502606337,
    0.8777291239023265,
    0.6009601632757477,
    0.7529853687348127,
    0.7398702607695687,
    0.7358255350413853,
    0.819040880745101,
    0.7516287104320867,
    0.7571068974624119
  ]
}