{
  "prompt_name": "bangs",
  "edit_prompt": "a person with bangs, portrait, high quality",
  "run_name": "s0.50_g5.0",
  "strength": 0.5,
  "guidance_scale": 5.0,
  "n_images": 20,
  "clip_mean": 0.24086515232920647,
  "lpips_mean": 0.291078582406044,
  "ssim_mean": 0.6886140566710436,
  "tradeoff_score": 0.16809550672769547,
  "clip_scores": [
    0.2354232370853424,
    0.24220752716064453,
    0.23373886942863464,
    0.243333101272583,
    0.22100253403186798,
    0.2517661154270172,
    0.21806606650352478,
    0.22736026346683502,
    0.27029281854629517,
    0.23442593216896057,
    0.23931023478507996,
    0.2652519941329956,
    0.2573487162590027,
    0.25998905301094055,
    0.2396766096353531,
    0.24577590823173523,
    0.2671698033809662,
    0.2217400074005127,
    0.22100713849067688,
    0.22241711616516113
  ],
  "lpips_scores": [
    0.3332834243774414,
    0.22500964999198914,
    0.28268563747406006,
    0.23598602414131165,
    0.2294119894504547,
    0.34054821729660034,
    0.29366862773895264,
    0.3519962728023529,
    0.40144211053848267,
    0.2375209927558899,
    0.32632485032081604,
    0.31894248723983765,
    0.1608073115348816,
    0.3578679859638214,
    0.3102632164955139,
    0.3274585008621216,
    0.3564958870410919,
    0.19827303290367126,
    0.27262645959854126,
    0.2609589695930481
  ],
  "ssim_scores": [
    0.5342943069912391,
    0.7949966186125629,
    0.7585672776411544,
    0.8096001675646379,
    0.7787808724121824,
    0.6164969605449141,
    0.6329829773559695,
    0.5518905483479742,
    0.7256865900447996,
    0.7254878100416091,
    0.7013437029015223,
    0.6394533849520956,
    0.8358058073833486,
    0.49448839582737625,
    0.6829887064134742,
    0.6549198408304856,
    0.6811129709353335,
    0.7806809964638669,
    0.6907054329110897,
    0.681997765245236
  ]
}