{
  "prompt_name": "glasses",
  "edit_prompt": "a person wearing eyeglasses, portrait, high quality",
  "run_name": "s0.50_g5.0",
  "strength": 0.5,
  "guidance_scale": 5.0,
  "n_images": 20,
  "clip_mean": 0.2736091367900372,
  "lpips_mean": 0.3123260661959648,
  "ssim_mean": 0.6784104964747278,
  "tradeoff_score": 0.19552762024104597,
  "clip_scores": [
    0.283168226480484,
    0.2857617437839508,
    0.22750593721866608,
    0.279513418674469,
    0.28905951976776123,
    0.28333404660224915,
    0.2717221975326538,
    0.24149003624916077,
    0.28076401352882385,
    0.2812406122684479,
    0.2746201157569885,
    0.2803073227405548,
    0.2663745880126953,
    0.27915194630622864,
    0.266975075006485,
    0.2763277292251587,
    0.2872207760810852,
    0.25900375843048096,
    0.28872600197792053,
    0.2699156701564789
  ],
  "lpips_scores": [
    0.36734896898269653,
    0.20508889853954315,
    0.2954831123352051,
    0.26295900344848633,
    0.2972401976585388,
    0.3722906708717346,
    0.30912014842033386,
    0.38813236355781555,
    0.3192484974861145,
    0.26788684725761414,
    0.3573460876941681,
    0.35591772198677063,
    0.20664550364017487,
    0.40854698419570923,
    0.33671027421951294,
    0.37035059928894043,
    0.3694908916950226,
    0.205730140209198,
    0.2856818735599518,
    0.26530253887176514
  ],
  "ssim_scores": [
    0.5253302191875239,
    0.8042384007593059,
    0.7546726741823474,
    0.7898447711131524,
    0.7643948855405815,
    0.5930287878584765,
    0.6190592687408313,
    0.5266937308715683,
    0.7723072406209693,
    0.7132627911828866,
    0.6934862651972687,
    0.6410333977296582,
    0.8150526684629198,
    0.470272139913574,
    0.6507890211678142,
    0.6490761829653039,
    0.6745369466903837,
    0.7729184910163552,
    0.6602270578669827,
    0.6779849884266507
  ]
}