{
  "prompt": "a smiling person, portrait, high quality",
  "model_id": "runwayml/stable-diffusion-v1-5",
  "num_inference_steps": 30,
  "images_used": 20,
  "strengths": [
    0.3,
    0.5,
    0.6,
    0.7
  ],
  "guidance_scales": [
    5.0,
    7.5,
    10.0
  ],
  "ranking_by_tradeoff": [
    {
      "run_name": "s0.30_g5.0",
      "strength": 0.3,
      "guidance_scale": 5.0,
      "n_images": 20,
      "clip_mean": 0.24533774107694625,
      "lpips_mean": 0.2017322201281786,
      "tradeoff_score": 0.1949046860449016,
      "clip_scores": [
        0.2628444731235504,
        0.2680835425853729,
        0.22419066727161407,
        0.22989684343338013,
        0.2542704939842224,
        0.26139241456985474,
        0.2277648150920868,
        0.21759167313575745,
        0.2613404095172882,
        0.2324400246143341,
        0.2492707222700119,
        0.2564704120159149,
        0.23988430202007294,
        0.26940208673477173,
        0.2591986656188965,
        0.25219571590423584,
        0.2605147659778595,
        0.2343628704547882,
        0.20172563195228577,
        0.24391429126262665
      ],
      "lpips_scores": [
        0.20809151232242584,
        0.16507764160633087,
        0.21917636692523956,
        0.1913604885339737,
        0.16989900171756744,
        0.24589888751506805,
        0.1892695128917694,
        0.22719796001911163,
        0.25076764822006226,
        0.16263552010059357,
        0.20563103258609772,
        0.22043253481388092,
        0.11481257528066635,
        0.2861151099205017,
        0.2363622784614563,
        0.23220299184322357,
        0.2134096771478653,
        0.15070319175720215,
        0.1573130339384079,
        0.18828743696212769
      ]
    },
    {
      "run_name": "s0.30_g7.5",
      "strength": 0.3,
      "guidance_scale": 7.5,
      "n_images": 20,
      "clip_mean": 0.24578688889741898,
      "lpips_mean": 0.20605150498449804,
      "tradeoff_score": 0.19427401265129446,
      "clip_scores": [
        0.26337406039237976,
        0.26673030853271484,
        0.22455891966819763,
        0.23122259974479675,
        0.25563323497772217,
        0.2628529369831085,
        0.2286900281906128,
        0.21693313121795654,
        0.26389986276626587,
        0.23430010676383972,
        0.24976524710655212,
        0.2518590986728668,
        0.23854514956474304,
        0.27252814173698425,
        0.2595268785953522,
        0.25183677673339844,
        0.2607361674308777,
        0.23408910632133484,
        0.20308929681777954,
        0.245566725730896
      ],
      "lpips_scores": [
        0.20907971262931824,
        0.17241047322750092,
        0.2233107089996338,
        0.1888299435377121,
        0.17164480686187744,
        0.24735623598098755,
        0.19195444881916046,
        0.2311776876449585,
        0.26124387979507446,
        0.1663738191127777,
        0.21608485281467438,
        0.22827954590320587,
        0.12086854130029678,
        0.29116764664649963,
        0.2398362010717392,
        0.2405114471912384,
        0.21580590307712555,
        0.15191687643527985,
        0.1616043746471405,
        0.19157299399375916
      ]
    },
    {
      "run_name": "s0.30_g10.0",
      "strength": 0.3,
      "guidance_scale": 10.0,
      "n_images": 20,
      "clip_mean": 0.24680353701114655,
      "lpips_mean": 0.21297989636659623,
      "tradeoff_score": 0.1935585629194975,
      "clip_scores": [
        0.26462268829345703,
        0.2671648859977722,
        0.2252689003944397,
        0.23319143056869507,
        0.25511133670806885,
        0.2644585072994232,
        0.23036330938339233,
        0.21814493834972382,
        0.26570332050323486,
        0.23681053519248962,
        0.250520795583725,
        0.250152051448822,
        0.24308642745018005,
        0.2731679379940033,
        0.25947433710098267,
        0.25114011764526367,
        0.2604804039001465,
        0.2346205711364746,
        0.20441171526908875,
        0.24817653000354767
      ],
      "lpips_scores": [
        0.21168319880962372,
        0.2077561765909195,
        0.22747153043746948,
        0.18813170492649078,
        0.1814519762992859,
        0.2491307109594345,
        0.19567817449569702,
        0.23369817435741425,
        0.2729375660419464,
        0.17222988605499268,
        0.22732055187225342,
        0.23465397953987122,
        0.12795506417751312,
        0.3005155622959137,
        0.24331435561180115,
        0.24903187155723572,
        0.21886108815670013,
        0.15391674637794495,
        0.16923674941062927,
        0.19462285935878754
      ]
    },
    {
      "run_name": "s0.50_g10.0",
      "strength": 0.5,
      "guidance_scale": 10.0,
      "n_images": 20,
      "clip_mean": 0.26551530584692956,
      "lpips_mean": 0.31648615300655364,
      "tradeoff_score": 0.18639376759529114,
      "clip_scores": [
        0.27073490619659424,
        0.2740425169467926,
        0.264194518327713,
        0.24692142009735107,
        0.28639841079711914,
        0.29899948835372925,
        0.24815548956394196,
        0.2530950903892517,
        0.2745943069458008,
        0.2596832513809204,
        0.25146913528442383,
        0.2835635542869568,
        0.2759304344654083,
        0.2554853558540344,
        0.26314952969551086,
        0.27022281289100647,
        0.28286629915237427,
        0.24453285336494446,
        0.24903413653373718,
        0.2572326064109802
      ],
      "lpips_scores": [
        0.35687416791915894,
        0.25460952520370483,
        0.303396075963974,
        0.19650456309318542,
        0.2999122738838196,
        0.3668631315231323,
        0.306208997964859,
        0.4026223421096802,
        0.3001480996608734,
        0.2769242227077484,
        0.36027973890304565,
        0.3760269582271576,
        0.25587669014930725,
        0.4160020053386688,
        0.3344241976737976,
        0.3876657783985138,
        0.37122559547424316,
        0.2107987105846405,
        0.295811265707016,
        0.2575487196445465
      ]
    },
    {
      "run_name": "s0.50_g7.5",
      "strength": 0.5,
      "guidance_scale": 7.5,
      "n_images": 20,
      "clip_mean": 0.26088428050279616,
      "lpips_mean": 0.30513632819056513,
      "tradeoff_score": 0.18460019845515488,
      "clip_scores": [
        0.2646137475967407,
        0.27579233050346375,
        0.2538626492023468,
        0.23993390798568726,
        0.2852857708930969,
        0.29218602180480957,
        0.2465927004814148,
        0.2516329288482666,
        0.27165618538856506,
        0.2569698989391327,
        0.24290598928928375,
        0.2773619294166565,
        0.26351118087768555,
        0.2528998851776123,
        0.26357728242874146,
        0.2658509612083435,
        0.2742707133293152,
        0.24729199707508087,
        0.24093413352966309,
        0.2505553960800171
      ],
      "lpips_scores": [
        0.34449267387390137,
        0.21859054267406464,
        0.28590041399002075,
        0.21094770729541779,
        0.290615439414978,
        0.3570248484611511,
        0.300519734621048,
        0.39934927225112915,
        0.3155200779438019,
        0.24943724274635315,
        0.3431205749511719,
        0.36298632621765137,
        0.212254136800766,
        0.4010782837867737,
        0.3354147672653198,
        0.3813405930995941,
        0.3579437732696533,
        0.19529549777507782,
        0.28934264183044434,
        0.251552015542984
      ]
    },
    {
      "run_name": "s0.60_g10.0",
      "strength": 0.6,
      "guidance_scale": 10.0,
      "n_images": 20,
      "clip_mean": 0.27840178161859513,
      "lpips_mean": 0.38174149096012117,
      "tradeoff_score": 0.18296640887856486,