{
  "prompt_name": "glasses",
  "edit_prompt": "a person wearing eyeglasses, portrait, high quality",
  "run_name": "s0.50_g7.5",
  "strength": 0.5,
  "guidance_scale": 7.5,
  "n_images": 20,
  "clip_mean": 0.2753963440656662,
  "lpips_mean": 0.3288454294204712,
  "ssim_mean": 0.6737529201849586,
  "tradeoff_score": 0.1931849867105484,
  "clip_scores": [
    0.2841325104236603,
    0.28295421600341797,
    0.2319585531949997,
    0.28372329473495483,
    0.2941489815711975,
    0.2844836711883545,
    0.2745111584663391,
    0.24830974638462067,
    0.2780568599700928,
    0.2828206717967987,
    0.2751880884170532,
    0.28623953461647034,
    0.2719799280166626,
    0.2736864984035492,
    0.26610466837882996,
    0.27421918511390686,
    0.28183430433273315,
    0.260448694229126,
    0.2972385287284851,
    0.27588778734207153
  ],
  "lpips_scores": [
    0.3976166546344757,
    0.22237414121627808,
    0.2899113893508911,
    0.26958367228507996,
    0.317558228969574,
    0.3897216022014618,
    0.3133247196674347,
    0.42066842317581177,
    0.3278907239437103,
    0.2876482605934143,
    0.3763658404350281,
    0.3736599087715149,
    0.24196937680244446,
    0.42745620012283325,
    0.3418799936771393,
    0.4098755419254303,
    0.38209816813468933,
    0.21663567423820496,
    0.29922807216644287,
    0.2714419960975647
  ],
  "ssim_scores": [
    0.5212736011225144,
    0.791227575377532,
    0.7571837106424274,
    0.7832676953998705,
    0.7626853601154006,
    0.5932775182346816,
    0.6166630013822405,
    0.5114366478010922,
    0.767532695399381,
    0.7076050689863714,
    0.690665457377326,
    0.6449745757615041,
    0.7977147444963953,
    0.4683485644914082,
    0.6454488571463551,
    0.6462127642557421,
    0.6736228714203606,
    0.7652297715435065,
    0.656541482477229,
    0.6741464402678332
  ]
}