{
  "run_name": "s0.30_g5.0",
  "strength": 0.3,
  "guidance_scale": 5.0,
  "n_images": 20,
  "clip_mean": 0.24533774107694625,
  "lpips_mean": 0.2017322201281786,
  "tradeoff_score": 0.1949046860449016,
  "clip_scores": [
    0.2628444731235504,
    0.2680835425853729,
    0.22419066727161407,
    0.22989684343338013,
    0.2542704939842224,
    0.26139241456985474,
    0.2277648150920868,
    0.21759167313575745,
    0.2613404095172882,
    0.2324400246143341,
    0.2492707222700119,
    0.2564704120159149,
    0.23988430202007294,
    0.26940208673477173,
    0.2591986656188965,
    0.25219571590423584,
    0.2605147659778595,
    0.2343628704547882,
    0.20172563195228577,
    0.24391429126262665
  ],
  "lpips_scores": [
    0.20809151232242584,
    0.16507764160633087,
    0.21917636692523956,
    0.1913604885339737,
    0.16989900171756744,
    0.24589888751506805,
    0.1892695128917694,
    0.22719796001911163,
    0.25076764822006226,
    0.16263552010059357,
    0.20563103258609772,
    0.22043253481388092,
    0.11481257528066635,
    0.2861151099205017,
    0.2363622784614563,
    0.23220299184322357,
    0.2134096771478653,
    0.15070319175720215,
    0.1573130339384079,
    0.18828743696212769
  ]
}