{
  "run_name": "s0.60_g10.0",
  "strength": 0.6,
  "guidance_scale": 10.0,
  "n_images": 20,
  "clip_mean": 0.27840178161859513,
  "lpips_mean": 0.38174149096012117,
  "tradeoff_score": 0.18296640887856486,
  "clip_scores": [
    0.28405672311782837,
    0.2727869153022766,
    0.2913435697555542,
    0.2696545124053955,
    0.2866930663585663,
    0.3070608377456665,
    0.2634775936603546,
    0.24516776204109192,
    0.27822524309158325,
    0.2916914224624634,
    0.27285319566726685,
    0.27407366037368774,
    0.28472617268562317,
    0.2615244388580322,
    0.3057211637496948,
    0.2960210144519806,
    0.2902895212173462,
    0.24734890460968018,
    0.2696024179458618,
    0.27571749687194824
  ],
  "lpips_scores": [
    0.41950923204421997,
    0.24244128167629242,
    0.39506620168685913,
    0.2411368042230606,
    0.3325116038322449,
    0.43830615282058716,
    0.3920277953147888,
    0.4592224061489105,
    0.32695960998535156,
    0.3283259868621826,
    0.4750109910964966,
    0.4560086131095886,
    0.2789541482925415,
    0.4875795841217041,
    0.46060237288475037,
    0.4693961441516876,
    0.4191617965698242,
    0.31325167417526245,
    0.33283209800720215,
    0.3665253221988678
  ]
}