{
  "run_name": "s0.30_g7.5",
  "strength": 0.3,
  "guidance_scale": 7.5,
  "n_images": 20,
  "clip_mean": 0.24578688889741898,
  "lpips_mean": 0.20605150498449804,
  "tradeoff_score": 0.19427401265129446,
  "clip_scores": [
    0.26337406039237976,
    0.26673030853271484,
    0.22455891966819763,
    0.23122259974479675,
    0.25563323497772217,
    0.2628529369831085,
    0.2286900281906128,
    0.21693313121795654,
    0.26389986276626587,
    0.23430010676383972,
    0.24976524710655212,
    0.2518590986728668,
    0.23854514956474304,
    0.27252814173698425,
    0.2595268785953522,
    0.25183677673339844,
    0.2607361674308777,
    0.23408910632133484,
    0.20308929681777954,
    0.245566725730896
  ],
  "lpips_scores": [
    0.20907971262931824,
    0.17241047322750092,
    0.2233107089996338,
    0.1888299435377121,
    0.17164480686187744,
    0.24735623598098755,
    0.19195444881916046,
    0.2311776876449585,
    0.26124387979507446,
    0.1663738191127777,
    0.21608485281467438,
    0.22827954590320587,
    0.12086854130029678,
    0.29116764664649963,
    0.2398362010717392,
    0.2405114471912384,
    0.21580590307712555,
    0.15191687643527985,
    0.1616043746471405,
    0.19157299399375916
  ]
}