{
  "prompt": "a smiling person, portrait, high quality",
  "n": 20,
  "clip_mean": 0.2670886151492596,
  "clip_scores": [
    0.2774440050125122,
    0.2637478709220886,
    0.27248191833496094,
    0.2655729353427887,
    0.28224533796310425,
    0.29851841926574707,
    0.25194376707077026,
    0.23047544062137604,
    0.27067792415618896,
    0.2628781199455261,
    0.254184752702713,
    0.2693357467651367,
    0.2717350125312805,
    0.2521384656429291,
    0.2793257236480713,
    0.2832863926887512,
    0.28034743666648865,
    0.2554157078266144,
    0.25128287076950073,
    0.2687344551086426
  ]
}