{
  "prompt_name": "glasses",
  "edit_prompt": "a person wearing eyeglasses, portrait, high quality",
  "model_id": "runwayml/stable-diffusion-v1-5",
  "num_inference_steps": 30,
  "images_used": 20,
  "strengths": [
    0.3,
    0.5,
    0.7
  ],
  "guidance_scales": [
    5.0,
    7.5
  ],
  "ranking_by_tradeoff": [
    {
      "prompt_name": "glasses",
      "edit_prompt": "a person wearing eyeglasses, portrait, high quality",
      "run_name": "s0.50_g5.0",
      "strength": 0.5,
      "guidance_scale": 5.0,
      "n_images": 20,
      "clip_mean": 0.2736091367900372,
      "lpips_mean": 0.3123260661959648,
      "ssim_mean": 0.6784104964747278,
      "tradeoff_score": 0.19552762024104597,
      "clip_scores": [
        0.283168226480484,
        0.2857617437839508,
        0.22750593721866608,
        0.279513418674469,
        0.28905951976776123,
        0.28333404660224915,
        0.2717221975326538,
        0.24149003624916077,
        0.28076401352882385,
        0.2812406122684479,
        0.2746201157569885,
        0.2803073227405548,
        0.2663745880126953,
        0.27915194630622864,
        0.266975075006485,
        0.2763277292251587,
        0.2872207760810852,
        0.25900375843048096,
        0.28872600197792053,
        0.2699156701564789
      ],
      "lpips_scores": [
        0.36734896898269653,
        0.20508889853954315,
        0.2954831123352051,
        0.26295900344848633,
        0.2972401976585388,
        0.3722906708717346,
        0.30912014842033386,
        0.38813236355781555,
        0.3192484974861145,
        0.26788684725761414,
        0.3573460876941681,
        0.35591772198677063,
        0.20664550364017487,
        0.40854698419570923,
        0.33671027421951294,
        0.37035059928894043,
        0.3694908916950226,
        0.205730140209198,
        0.2856818735599518,
        0.26530253887176514
      ],
      "ssim_scores": [
        0.5253302191875239,
        0.8042384007593059,
        0.7546726741823474,
        0.7898447711131524,
        0.7643948855405815,
        0.5930287878584765,
        0.6190592687408313,
        0.5266937308715683,
        0.7723072406209693,
        0.7132627911828866,
        0.6934862651972687,
        0.6410333977296582,
        0.8150526684629198,
        0.470272139913574,
        0.6507890211678142,
        0.6490761829653039,
        0.6745369466903837,
        0.7729184910163552,
        0.6602270578669827,
        0.6779849884266507
      ]
    },
    {
      "prompt_name": "glasses",
      "edit_prompt": "a person wearing eyeglasses, portrait, high quality",
      "run_name": "s0.50_g7.5",
      "strength": 0.5,
      "guidance_scale": 7.5,
      "n_images": 20,
      "clip_mean": 0.2753963440656662,
      "lpips_mean": 0.3288454294204712,
      "ssim_mean": 0.6737529201849586,
      "tradeoff_score": 0.1931849867105484,
      "clip_scores": [
        0.2841325104236603,
        0.28295421600341797,
        0.2319585531949997,
        0.28372329473495483,
        0.2941489815711975,
        0.2844836711883545,
        0.2745111584663391,
        0.24830974638462067,
        0.2780568599700928,
        0.2828206717967987,
        0.2751880884170532,
        0.28623953461647034,
        0.2719799280166626,
        0.2736864984035492,
        0.26610466837882996,
        0.27421918511390686,
        0.28183430433273315,
        0.260448694229126,
        0.2972385287284851,
        0.27588778734207153
      ],
      "lpips_scores": [
        0.3976166546344757,
        0.22237414121627808,
        0.2899113893508911,
        0.26958367228507996,
        0.317558228969574,
        0.3897216022014618,
        0.3133247196674347,
        0.42066842317581177,
        0.3278907239437103,
        0.2876482605934143,
        0.3763658404350281,
        0.3736599087715149,
        0.24196937680244446,
        0.42745620012283325,
        0.3418799936771393,
        0.4098755419254303,
        0.38209816813468933,
        0.21663567423820496,
        0.29922807216644287,
        0.2714419960975647
      ],
      "ssim_scores": [
        0.5212736011225144,
        0.791227575377532,
        0.7571837106424274,
        0.7832676953998705,
        0.7626853601154006,
        0.5932775182346816,
        0.6166630013822405,
        0.5114366478010922,
        0.767532695399381,
        0.7076050689863714,
        0.690665457377326,
        0.6449745757615041,
        0.7977147444963953,
        0.4683485644914082,
        0.6454488571463551,
        0.6462127642557421,
        0.6736228714203606,
        0.7652297715435065,
        0.656541482477229,
        0.6741464402678332
      ]
    },
    {
      "prompt_name": "glasses",
      "edit_prompt": "a person wearing eyeglasses, portrait, high quality",
      "run_name": "s0.30_g7.5",
      "strength": 0.3,
      "guidance_scale": 7.5,
      "n_images": 20,
      "clip_mean": 0.24088365510106086,
      "lpips_mean": 0.21377044320106506,
      "ssim_mean": 0.7620140420258888,
      "tradeoff_score": 0.18744104430079458,
      "clip_scores": [
        0.2368035912513733,
        0.2266344428062439,
        0.22074273228645325,
        0.23028302192687988,
        0.23656350374221802,
        0.2331857681274414,
        0.21362921595573425,
        0.19625338912010193,
        0.28308582305908203,
        0.2688862681388855,
        0.2544483244419098,
        0.22286921739578247,
        0.2675495147705078,
        0.2312355786561966,
        0.23771554231643677,
        0.2733721435070038,
        0.2766796350479126,
        0.22604849934577942,
        0.262376070022583,
        0.21931082010269165
      ],
      "lpips_scores": [
        0.20929650962352753,
        0.17252637445926666,
        0.23060959577560425,
        0.19019749760627747,
        0.1766481101512909,
        0.25457751750946045,
        0.19878928363323212,
        0.23430636525154114,
        0.2866585850715637,
        0.17596904933452606,
        0.22807720303535461,
        0.23047345876693726,
        0.1290968656539917,
        0.30580154061317444,
        0.2436978816986084,
        0.2547621726989746,
        0.22996239364147186,
        0.1541791558265686,
        0.17373768985271454,
        0.19604161381721497
      ],
      "ssim_scores": [
        0.6238440804884716,
        0.8583572626857167,
        0.8207148050980503,
        0.8525140779186584,
        0.8266837551527021,
        0.7024703774792994,
        0.7262070162907773,
        0.6684202434412073,
        0.8012862905662801,
        0.7909416666796107,
        0.7942561484937287,
        0.7137672288522804,
        0.8710481085207272,
        0.593486963921499,
        0.7505067256727793,
        0.7427473126266619,
        0.7423119362594074,
        0.8312163475162261,
        0.7626443914100521,
        0.7668561014436399
      ]
    },
    {
      "prompt_name": "glasses",
      "edit_prompt": "a person wearing eyeglasses, portrait, high quality",
      "run_name": "s0.30_g5.0",
      "strength": 0.3,
      "guidance_scale": 5.0,
      "n_images": 20,
      "clip_mean": 0.2375907614827156,
      "lpips_mean": 0.20657216608524323,
      "ssim_mean": 0.7665485371290128,
      "tradeoff_score": 0.1859477199614048,
      "clip_scores": [
        0.23697134852409363,
        0.22494415938854218,
        0.22041280567646027,
        0.22979304194450378,
        0.2349998503923416,
        0.2323375642299652,
        0.21220800280570984,
        0.19773373007774353,
        0.24551425874233246,
        0.24725492298603058,
        0.25102072954177856,
        0.2266896367073059,
        0.2676416039466858,
        0.23247995972633362,
        0.23636656999588013,
        0.2740151882171631,
        0.2789360284805298,
        0.22517266869544983,
        0.25918906927108765,
        0.2181340903043747
      ],