{
  "prompt_name": "bangs",
  "edit_prompt": "a person with bangs, portrait, high quality",
  "run_name": "s0.50_g7.5",
  "strength": 0.5,
  "guidance_scale": 7.5,
  "n_images": 20,
  "clip_mean": 0.24499015137553215,
  "lpips_mean": 0.3040095195174217,
  "ssim_mean": 0.6862312782273496,
  "tradeoff_score": 0.16898777149617672,
  "clip_scores": [
    0.23634633421897888,
    0.24492521584033966,
    0.2365698218345642,
    0.24408333003520966,
    0.23102542757987976,
    0.25938335061073303,
    0.22173240780830383,
    0.236893892288208,
    0.2782193422317505,
    0.23473212122917175,
    0.24147923290729523,
    0.2708522379398346,
    0.2574017345905304,
    0.26725929975509644,
    0.24640265107154846,
    0.24857476353645325,
    0.2657570242881775,
    0.22259709239006042,
    0.23313650488853455,
    0.2224312424659729
  ],
  "lpips_scores": [
    0.35013124346733093,
    0.25582900643348694,
    0.29796305298805237,
    0.22656023502349854,
    0.2639935314655304,
    0.360823392868042,
    0.3001652956008911,
    0.3498026430606842,
    0.409132719039917,
    0.24932536482810974,
    0.3432645797729492,
    0.3547029495239258,
    0.16580569744110107,
    0.3727889955043793,
    0.3089839816093445,
    0.33387133479118347,
    0.3813919126987457,
    0.20178598165512085,
    0.28552088141441345,
    0.2683475911617279
  ],
  "ssim_scores": [
    0.5333802148851824,
    0.7720758335556316,
    0.7497446960651692,
    0.8093931703357194,
    0.7809434390065141,
    0.6152821778656732,
    0.6302100960840066,
    0.5469614366224324,
    0.7214182678316883,
    0.7203925057952577,
    0.6979521010075423,
    0.6493651494897743,
    0.8338411079259301,
    0.497219591313957,
    0.6890569187488079,
    0.6534416560425199,
    0.680391225413539,
    0.7791557831632461,
    0.6899798298662817,
    0.674420363528121
  ]
}