{
  "prompt_name": "glasses",
  "edit_prompt": "a person wearing eyeglasses, portrait, high quality",
  "run_name": "s0.30_g5.0",
  "strength": 0.3,
  "guidance_scale": 5.0,
  "n_images": 20,
  "clip_mean": 0.2375907614827156,
  "lpips_mean": 0.20657216608524323,
  "ssim_mean": 0.7665485371290128,
  "tradeoff_score": 0.1859477199614048,
  "clip_scores": [
    0.23697134852409363,
    0.22494415938854218,
    0.22041280567646027,
    0.22979304194450378,
    0.2349998503923416,
    0.2323375642299652,
    0.21220800280570984,
    0.19773373007774353,
    0.24551425874233246,
    0.24725492298603058,
    0.25102072954177856,
    0.2266896367073059,
    0.2676416039466858,
    0.23247995972633362,
    0.23636656999588013,
    0.2740151882171631,
    0.2789360284805298,
    0.22517266869544983,
    0.25918906927108765,
    0.2181340903043747
  ],
  "lpips_scores": [
    0.20726007223129272,
    0.16459554433822632,
    0.22498507797718048,
    0.1912141889333725,
    0.17346349358558655,
    0.2503960132598877,
    0.1938927322626114,
    0.23125755786895752,
    0.25821352005004883,
    0.16825559735298157,
    0.21354497969150543,
    0.22287559509277344,
    0.1163494884967804,
    0.2944742441177368,
    0.2381642460823059,
    0.24607409536838531,
    0.22731782495975494,
    0.15170568227767944,
    0.16636481881141663,
    0.19103854894638062
  ],
  "ssim_scores": [
    0.6242621946171858,
    0.8658805665038366,
    0.823441406083936,
    0.8539950806248724,
    0.8279024199428555,
    0.704633264856613,
    0.7296054286688353,
    0.6719334229161511,
    0.8162965983576921,
    0.7955731979255699,
    0.8010922324634229,
    0.7197528457398493,
    0.8784840797739637,
    0.5996319140705847,
    0.7551577589476923,
    0.7501440843348609,
    0.7444136517515879,
    0.8333219678388467,
    0.7661348469067081,
    0.7693137802551927
  ]
}