{
  "run_name": "s0.50_g5.0",
  "strength": 0.5,
  "guidance_scale": 5.0,
  "n_images": 20,
  "clip_mean": 0.25486733615398405,
  "lpips_mean": 0.29218763038516044,
  "tradeoff_score": 0.18182042855769392,
  "clip_scores": [
    0.2608894109725952,
    0.2677565813064575,
    0.2416706532239914,
    0.2344282567501068,
    0.283296138048172,
    0.2817298173904419,
    0.23764865100383759,
    0.2457546591758728,
    0.26656225323677063,
    0.25118935108184814,
    0.2394089698791504,
    0.26980164647102356,
    0.2562195062637329,
    0.2528457045555115,
    0.25863105058670044,
    0.2601548433303833,
    0.26836371421813965,
    0.2449970841407776,
    0.23104052245616913,
    0.24495790898799896
  ],
  "lpips_scores": [
    0.331329345703125,
    0.19737151265144348,
    0.2758033573627472,
    0.23148591816425323,
    0.2584693729877472,
    0.3415272533893585,
    0.29044896364212036,
    0.36628371477127075,
    0.3269534707069397,
    0.23575948178768158,
    0.3251025080680847,
    0.34032031893730164,
    0.18716369569301605,
    0.38774266839027405,
    0.3336736559867859,
    0.3483085632324219,
    0.3420688211917877,
    0.1920434832572937,
    0.2811433970928192,
    0.25075310468673706
  ]
}