{
  "prompt_name": "glasses",
  "edit_prompt": "a person wearing eyeglasses, portrait, high quality",
  "run_name": "s0.50_g7.5",
  "strength": 0.5,
  "guidance_scale": 7.5,
  "n_images": 20,
  "clip_mean": 0.26588344797492025,
  "lpips_mean": 0.32271457761526107,
  "ssim_mean": 0.6734718144619419,
  "tradeoff_score": 0.18520480357110497,
  "clip_scores": [
    0.19143545627593994,
    0.2742385268211365,
    0.2937201261520386,
    0.227657288312912,
    0.2407817393541336,
    0.2722904086112976,
    0.24555417895317078,
    0.24841897189617157,
    0.27613386511802673,
    0.2882271409034729,
    0.2902509570121765,
    0.2913976013660431,
    0.2662580907344818,
    0.2312958687543869,
    0.27585071325302124,
    0.2784669101238251,
    0.28283798694610596,
    0.27369534969329834,
    0.27991044521331787,
    0.2892473340034485
  ],
  "lpips_scores": [
    0.3708757162094116,
    0.20369085669517517,
    0.37719058990478516,
    0.19089001417160034,
    0.29018208384513855,
    0.4101998209953308,
    0.317726194858551,
    0.4061623811721802,
    0.3257235586643219,
    0.29696720838546753,
    0.3079630732536316,
    0.35889172554016113,
    0.21329939365386963,
    0.3809395730495453,
    0.34838563203811646,
    0.4204992651939392,
    0.3829861879348755,
    0.2670188844203949,
    0.2761305570602417,
    0.3085688352584839
  ],
  "ssim_scores": [
    0.5339141882355757,
    0.7926456145668738,
    0.7211162106959317,
    0.8183356105883771,
    0.7153234050580594,
    0.5718106825366182,
    0.6216725007277054,
    0.5775217531070471,
    0.7645870102411899,
    0.7395596803242254,
    0.6851010192868193,
    0.6357067396056575,
    0.7931667189267285,
    0.5301567821442722,
    0.6660860346265994,
    0.6287597414755962,
    0.6613073084664777,
    0.7279907913784044,
    0.661934285243015,
    0.6227402120036655
  ]
}