{
  "prompt_name": "smile",
  "edit_prompt": "a smiling person, portrait, high quality",
  "run_name": "s0.30_g7.5",
  "strength": 0.3,
  "guidance_scale": 7.5,
  "n_images": 20,
  "clip_mean": 0.24677122086286546,
  "lpips_mean": 0.2035525619983673,
  "ssim_mean": 0.7650178543202254,
  "tradeoff_score": 0.19588308036327362,
  "clip_scores": [
    0.259464293718338,
    0.27086642384529114,
    0.2334160953760147,
    0.2397335171699524,
    0.25283244252204895,
    0.26268044114112854,
    0.2372497022151947,
    0.22142380475997925,
    0.26332587003707886,
    0.22486960887908936,
    0.2472381591796875,
    0.23644907772541046,
    0.24988627433776855,
    0.26010212302207947,
    0.2682564854621887,
    0.24948060512542725,
    0.2649441957473755,
    0.23348388075828552,
    0.21155411005020142,
    0.24816730618476868
  ],
  "lpips_scores": [
    0.20787465572357178,
    0.13102886080741882,
    0.25082242488861084,
    0.17410308122634888,
    0.1675315797328949,
    0.2507967948913574,
    0.20175038278102875,
    0.23095262050628662,
    0.2667089104652405,
    0.21884487569332123,
    0.19900910556316376,
    0.20909453928470612,
    0.12542285025119781,
    0.2552979588508606,
    0.234758198261261,
    0.24789972603321075,
    0.1990790218114853,
    0.1393183320760727,
    0.17146284878253937,
    0.1892944723367691
  ],
  "ssim_scores": [
    0.6247929844043789,
    0.8677778861294798,
    0.8194728106189584,
    0.8599463642106464,
    0.8368371219183066,
    0.6997251407644215,
    0.7246740061136189,
    0.6713496074347832,
    0.8014011564695448,
    0.7748050689501805,
    0.8033089493568714,
    0.7353910910640632,
    0.8700067951671321,
    0.6091615254720366,
    0.7474393188982656,
    0.7450244129162846,
    0.7529211745515948,
    0.8391154708358636,
    0.7537823475472916,
    0.7634238535807865
  ]
}